Name,label
100.jpg,Real
101.jpg,Real
102.jpg,Real
103.jpg,Real
104.jpg,Real
105.jpg,Real
106.jpg,Real
107.jpg,Real
108.jpg,Real
109.jpg,Real
110.jpg,Real
111.jpg,Real
112.jpg,Real
113.jpg,Real
114.jpg,Real
115.jpg,Real
116.jpg,Real
117.jpg,Real
118.jpg,Real
119.jpg,Real
120.jpg,Real
121.jpg,Real
122.jpg,Real
123.jpg,Real
124.jpg,Real
125.jpg,Real
126.jpg,Real
127.jpg,Real
128.jpg,Real
129.jpg,Real
130.jpg,Real
131.jpg,Real
132.jpg,Real
133.jpg,Real
134.jpg,Real
135.jpg,Real
136.jpg,Real
137.jpg,Real
138.jpg,Real
139.jpg,Real
140.jpg,Real
141.jpg,Real
142.jpg,Real
143.jpg,Real
144.jpg,Real
145.jpg,Real
146.jpg,Real
147.jpg,Real
148.jpg,Real
149.jpg,Real
150.jpg,Real
151.jpg,Real
152.jpg,Real
153.jpg,Real
154.jpg,Real
155.jpg,Real
156.jpg,Real
157.jpg,Real
158.jpg,Real
159.jpg,Real
160.jpg,Real
161.jpg,Real
162.jpg,Real
163.jpg,Real
164.jpg,Real
165.jpg,Real
166.jpg,Real
167.jpg,Real
168.jpg,Real
169.jpg,Real
170.jpg,Real
171.jpg,Real
172.jpg,Real
173.jpg,Real
174.jpg,Real
175.jpg,Real
176.jpg,Real
177.jpg,Real
178.jpg,Real
179.jpg,Real
180.jpg,Real
181.jpg,Real
182.jpg,Real
183.jpg,Real
184.jpg,Real
185.jpg,Real
186.jpg,Real
187.jpg,Real
188.jpg,Real
189.jpg,Real
190.jpg,Real
191.jpg,Real
192.jpg,Real
193.jpg,Real
194.jpg,Real
195.jpg,Real
196.jpg,Real
197.jpg,Real
198.jpg,Real
199.jpg,Real
200.jpg,Real
201.jpg,Real
202.jpg,Real
203.jpg,Real
204.jpg,Real
205.jpg,Real
206.jpg,Real
207.jpg,Real
208.jpg,Real
209.jpg,Real
210.jpg,Real
211.jpg,Real
212.jpg,Real
213.jpg,Real
214.jpg,Real
215.jpg,Real
216.jpg,Real
217.jpg,Real
218.jpg,Real
219.jpg,Real
220.jpg,Real
221.jpg,Real
222.jpg,Real
223.jpg,Real
224.jpg,Real
225.jpg,Real
226.jpg,Real
227.jpg,Real
228.jpg,Real
229.jpg,Real
230.jpg,Real
231.jpg,Real
232.jpg,Real
233.jpg,Real
234.jpg,Real
235.jpg,Real
236.jpg,Real
237.jpg,Real
238.jpg,Real
239.jpg,Real
240.jpg,Real
241.jpg,Real
242.jpg,Real
243.jpg,Real
244.jpg,Real
245.jpg,Real
246.jpg,Real
247.jpg,Real
248.jpg,Real
249.jpg,Real
250.jpg,Real
251.jpg,Real
252.jpg,Real
253.jpg,Real
254.jpg,Real
255.jpg,Real
256.jpg,Real
257.jpg,Real
258.jpg,Real
259.jpg,Real
260.jpg,Real
261.jpg,Real
262.jpg,Real
263.jpg,Real
264.jpg,Real
265.jpg,Real
266.jpg,Real
267.jpg,Real
268.jpg,Real
269.jpg,Real
270.jpg,Real
271.jpg,Real
272.jpg,Real
273.jpg,Real
274.jpg,Real
38.jpg,Real
39.jpg,Real
40.jpg,Real
41.jpg,Real
42.jpg,Real
43.jpg,Real
44.jpg,Real
45.jpg,Real
46.jpg,Real
47.jpg,Real
48.jpg,Real
49.jpg,Real
50.jpg,Real
51.jpg,Real
52.jpg,Real
53.jpg,Real
54.jpg,Real
55.jpg,Real
56.jpg,Real
57.jpg,Real
58.jpg,Real
59.jpg,Real
60.jpg,Real
61.jpg,Real
62.jpg,Real
63.jpg,Real
64.jpg,Real
65.jpg,Real
66.jpg,Real
67.jpg,Real
68.jpg,Real
69.jpg,Real
70.jpg,Real
71.jpg,Real
72.jpg,Real
73.jpg,Real
74.jpg,Real
75.jpg,Real
76.jpg,Real
77.jpg,Real
78.jpg,Real
79.jpg,Real
80.jpg,Real
81.jpg,Real
82.jpg,Real
83.jpg,Real
84.jpg,Real
85.jpg,Real
86.jpg,Real
87.jpg,Real
88.jpg,Real
89.jpg,Real
90.jpg,Real
91.jpg,Real
92.jpg,Real
93.jpg,Real
94.jpg,Real
95.jpg,Real
96.jpg,Real
97.jpg,Real
98.jpg,Real
99.jpg,Real
adidas_0_2024-03-21 00-21-11.jpg,Real
adidas_100_2024-03-21 00-21-13.jpg,Real
adidas_101_2024-03-21 00-21-13.jpg,Real
adidas_102_2024-03-21 00-21-13.jpg,Real
adidas_103_2024-03-21 00-21-13.jpg,Real
adidas_104_2024-03-21 00-21-13.jpg,Real
adidas_105_2024-03-21 00-21-13.jpg,Real
adidas_106_2024-03-21 00-21-13.jpg,Real
adidas_107_2024-03-21 00-21-13.jpg,Real
adidas_108_2024-03-21 00-21-13.jpg,Real
adidas_109_2024-03-21 00-21-13.jpg,Real
adidas_10_2024-03-21 00-21-11.jpg,Real
adidas_110_2024-03-21 00-21-13.jpg,Real
adidas_111_2024-03-21 00-21-13.jpg,Real
adidas_112_2024-03-21 00-21-13.jpg,Real
adidas_113_2024-03-21 00-21-13.jpg,Real
adidas_114_2024-03-21 00-21-13.jpg,Real
adidas_115_2024-03-21 00-21-13.jpg,Real
adidas_116_2024-03-21 00-21-13.jpg,Real
adidas_117_2024-03-21 00-21-14.jpg,Real
adidas_118_2024-03-21 00-21-14.jpg,Real
adidas_119_2024-03-21 00-21-14.jpg,Real
adidas_11_2024-03-21 00-21-11.jpg,Real
adidas_120_2024-03-21 00-21-14.jpg,Real
adidas_121_2024-03-21 00-21-14.jpg,Real
adidas_122_2024-03-21 00-21-14.jpg,Real
adidas_123_2024-03-21 00-21-14.jpg,Real
adidas_124_2024-03-21 00-21-14.jpg,Real
adidas_125_2024-03-21 00-21-14.jpg,Real
adidas_126_2024-03-21 00-21-14.jpg,Real
adidas_127_2024-03-21 00-21-14.jpg,Real
aadwlchsdhy.jpg,AI
aaidtlwuezt.jpg,AI
abgdjvgwjym.jpg,AI
acaepajyzuu.jpg,AI
acnwnitrdrm.jpg,AI
adkwdhfulmy.jpg,AI
adswvmoymdh.jpg,AI
aeheiwyinva.jpg,AI
aeptapltanf.jpg,AI
aetfmeycjid.jpg,AI
affqhqolhvi.jpg,AI
afnjqggzcbj.jpg,AI
agshkoujown.jpg,AI
ahaevflguwr.jpg,AI
ahhgblpoqwp.jpg,AI
ahkgfypdcbo.jpg,AI
ahvcqgvfwuj.jpg,AI
aiaxsrjbrys.jpg,AI
ajaccfuzzbk.jpg,AI
albbpeafqlp.jpg,AI
alyhkauncce.jpg,AI
alzscqzftcn.jpg,AI
angxsddsejo.jpg,AI
anhjqhgobla.jpg,AI
anhrzbengss.jpg,AI
anstlnrwsms.jpg,AI
anvarylcaiq.jpg,AI
anvpzrykidy.jpg,AI
apkofhfrhnd.jpg,AI
aravrolebjr.jpg,AI
asfbvuejqhq.jpg,AI
asgujkesozo.jpg,AI
atjytvpkeoj.jpg,AI
atknpnhlxgr.jpg,AI
atpbuyajdsg.jpg,AI
attrcbwghpr.jpg,AI
atzblzyrpin.jpg,AI
awgzozmlbjt.jpg,AI
axgraastudz.jpg,AI
axmupulvqnm.jpg,AI
ayhslllhwpm.jpg,AI
ayuxwtyerva.jpg,AI
azcfscbrbib.jpg,AI
aztnzcomsyx.jpg,AI
bajdignqrwq.jpg,AI
bapnguosyse.jpg,AI
batslerihhd.jpg,AI
bbgzrqijwfr.jpg,AI
bblajhpuvpv.jpg,AI
bcaniytazxo.jpg,AI
bcxyklvbwym.jpg,AI
bcygksfyxdv.jpg,AI
bdjpjkguorm.jpg,AI
bdxfdzjxxqx.jpg,AI
belrwojxqou.jpg,AI
benfplweglo.jpg,AI
bfpcmstrxgu.jpg,AI
bfscvjgbdtx.jpg,AI
bgahaalelcy.jpg,AI
bhbxejzeiqv.jpg,AI
bhhtktdwaao.jpg,AI
bhrqrmceqha.jpg,AI
bhvlfdgfsql.jpg,AI
bicyfahkzly.jpg,AI
biicsbpidcp.jpg,AI
bjpwbklbgta.jpg,AI
bjsbtsahatg.jpg,AI
bjyovjsolnr.jpg,AI
bkbgdaiftfn.jpg,AI
bksklkemtqw.jpg,AI
blzruipfuud.jpg,AI
bmdbihhickx.jpg,AI
bmdgwimhgdr.jpg,AI
bmywitwtchd.jpg,AI
bngwzsrabpu.jpg,AI
bnvxvnbmksr.jpg,AI
bogzcwsaaon.jpg,AI
bohejpsmtzb.jpg,AI
bpfreayvrak.jpg,AI
bpnlnxawvlg.jpg,AI
bpnuiyqtnsi.jpg,AI
bqluyqonehp.jpg,AI
bqnihctxytw.jpg,AI
bqnwmsigler.jpg,AI
bqqdavvynmj.jpg,AI
brixiobtsoa.jpg,AI
brncdopuhrp.jpg,AI
bsqourrxdbu.jpg,AI
btqirzjprfq.jpg,AI
btumotmuxbj.jpg,AI
bvzhqnhaucc.jpg,AI
bwhzodomoke.jpg,AI
bwspaocjbeq.jpg,AI
bxqlrtkgmvd.jpg,AI
byajfizhqpx.jpg,AI
byezaoscxvl.jpg,AI
cakjrsqwgqt.jpg,AI
caurplvykvf.jpg,AI
caygyrpxnyo.jpg,AI
cazrizryxsq.jpg,AI
cbdfoxqiehz.jpg,AI
cbwyrymjwlh.jpg,AI
ccpoorfmlir.jpg,AI
cczhxlasmxy.jpg,AI
ceeuayydotw.jpg,AI
cfkjfqruqqd.jpg,AI
cfqxcdxicfv.jpg,AI
cftmynktrnr.jpg,AI
cgcvsadffws.jpg,AI
cgkqexsjstq.jpg,AI
cgqorlkahwi.jpg,AI
ciednycbubk.jpg,AI
cjrwrjkkoab.jpg,AI
ckfxzyzmicv.jpg,AI
clabywrqwko.jpg,AI
cmfhcfoeghe.jpg,AI
cmzclyklgng.jpg,AI
cnoejpzldoa.jpg,AI
cofwruogcny.jpg,AI
cowndtpgwvg.jpg,AI
coxwzizuptr.jpg,AI
cqgdfwnqhzk.jpg,AI
crclveiipjr.jpg,AI
crcvcfdfbns.jpg,AI
crpqgylwzlf.jpg,AI
crsdvrvkbia.jpg,AI
crxqgvoggbg.jpg,AI
cstalancnel.jpg,AI
cuoqaqxlkbp.jpg,AI
cvbivjradnk.jpg,AI
cvchmfrlbbs.jpg,AI
cvecbukdiuh.jpg,AI
cvogsdcggvb.jpg,AI
cvqaefblnkk.jpg,AI
cymokqiqaul.jpg,AI
cysflsnzpjb.jpg,AI
cyxkyetmsut.jpg,AI
czhwroisyyp.jpg,AI
dajfhlgmncx.jpg,AI
dauwzwuyzhs.jpg,AI
dbalfrzswfs.jpg,AI
dbkwljbshcd.jpg,AI
dbqsarjfjbk.jpg,AI
dddphsntcyb.jpg,AI
ddqvvwdwvnj.jpg,AI
ddwwwnkhzmg.jpg,AI
dehzyrruolv.jpg,AI
dflmkivbrkq.jpg,AI
dgabamvgmdb.jpg,AI
dgzajugmrhf.jpg,AI
dimisjoqqri.jpg,AI
djkkhpejznh.jpg,AI
dkbpsqropkq.jpg,AI
dlokimuzbuy.jpg,AI
dltfkgtxqgn.jpg,AI
dluvejbzjbc.jpg,AI
dmiyocgxrqe.jpg,AI
dmoiqgptycs.jpg,AI
dnwopleorok.jpg,AI
dptsyfvkdip.jpg,AI
dqihfoduwyj.jpg,AI
drfxykdouvm.jpg,AI
drvxzvolwnw.jpg,AI
dsdihvgifpm.jpg,AI
dsqvnalkiwm.jpg,AI
dsuausudykg.jpg,AI
dtsmmceucqw.jpg,AI
dtuuotuoawo.jpg,AI
duekmjznrsp.jpg,AI
dusgpjfbyjk.jpg,AI
dvinscrfglx.jpg,AI
dwxcjmgpoau.jpg,AI
dxaybgxyrnn.jpg,AI
dxbmhgwhpnq.jpg,AI
dxgotwgbyyv.jpg,AI
dxqovioeref.jpg,AI
dylwphnhnkz.jpg,AI
dyzyxzhmhcb.jpg,AI
eaeijfwevml.jpg,AI
ealmlbhkbdp.jpg,AI
eaqooedueqj.jpg,AI
ecfvgtnmibd.jpg,AI
ecillrweepr.jpg,AI
ecqsqfyhdjr.jpg,AI
ecwgqhupgef.jpg,AI
eelyvmkjksg.jpg,AI
eemsaeasgbs.jpg,AI
efxelzhiahn.jpg,AI
efxswsbbkyd.jpg,AI
ehdurobnolf.jpg,AI
ehxsoyafgae.jpg,AI
einikmjafhj.jpg,AI
eizgcjbvrwq.jpg,AI
ejhngxcxzzx.jpg,AI
ejkpovtghlp.jpg,AI
ejxljhthhdq.jpg,AI
ejyaochbvqj.jpg,AI
ekgyskvyuih.jpg,AI
eknuwirfnyu.jpg,AI
eloywggxjxx.jpg,AI
elxgynlkiap.jpg,AI
emfckdfjopg.jpg,AI
emuvdilgiaw.jpg,AI
emxdncitqnb.jpg,AI
emxrjdvdvvg.jpg,AI
enkyozuuirq.jpg,AI
enugzjcqkwp.jpg,AI
eollunasbus.jpg,AI
eoxbsikgdgm.jpg,AI
epbwfhfxzsd.jpg,AI
epobhzjeiyd.jpg,AI
eppwesvszbw.jpg,AI
epwzeobzwhf.jpg,AI
epxwbtakiia.jpg,AI
eqenegwcjnc.jpg,AI
eqgvxarpdjl.jpg,AI
eqhugbvatym.jpg,AI
erehxsjzmto.jpg,AI
ergldzvutwl.jpg,AI
erkvapxcnqv.jpg,AI
esbguhleeew.jpg,AI
esonbslxifm.jpg,AI
eswdohynyvp.jpg,AI
etezhnvtbjf.jpg,AI
etnxskrsuqn.jpg,AI
euhdihbwgbi.jpg,AI
euqxgeokkdk.jpg,AI
evhroqyvejv.jpg,AI
evjaevrexhp.jpg,AI
evtbhdxobnh.jpg,AI
evwpbazgmtt.jpg,AI
exaqvvqqqfy.jpg,AI
exeyexrbjmz.jpg,AI
exxghkxupie.jpg,AI
eyogdhoxuqj.jpg,AI
eyupbexukes.jpg,AI
ezuhfzrqtkm.jpg,AI
faskismihqm.jpg,AI
fbfiyphlmvv.jpg,AI
fbnribxucrp.jpg,AI
fcpszakultf.jpg,AI
fcwwtkecknl.jpg,AI
fdcezmdqdqv.jpg,AI
fdysxgjxnri.jpg,AI
fehmoejrbce.jpg,AI
ffcinqoksbi.jpg,AI
fgeajoxwjjf.jpg,AI
fgehhjfpqen.jpg,AI
fgnjywmzeto.jpg,AI
fgpodfkymho.jpg,AI
fgtlmtyozxq.jpg,AI
fgxyjswerqv.jpg,AI
fhfhoozqryy.jpg,AI
figedsxgivj.jpg,AI
fixnhoznfzi.jpg,AI
fiybxypudlo.jpg,AI
fkhzmicxixh.jpg,AI
fkjtjvpxoeh.jpg,AI
fmietrjdfaa.jpg,AI
fmyvwcxjdyw.jpg,AI
fnfwesvalau.jpg,AI
fobiwzzgpwp.jpg,AI
fofbjeuugwe.jpg,AI
foognqfuail.jpg,AI
fpirutbhhuz.jpg,AI
fpjjehstlha.jpg,AI
fpyswdzcyii.jpg,AI
fqgqlpttlwc.jpg,AI
fqlsihnjwhf.jpg,AI
fqzuyfguzkf.jpg,AI
frnpfjdspty.jpg,AI
frnrtirfrvl.jpg,AI
frwfguaiyhu.jpg,AI
fshjwtpmhav.jpg,AI
fswfypysmou.jpg,AI
fsxtlzqkjwh.jpg,AI
fthqkmypqzx.jpg,AI
ftpqvfwibnw.jpg,AI
ftrcikdsqqh.jpg,AI
fvflrwzyvor.jpg,AI
fwbtujlntae.jpg,AI
fwhsyugoesy.jpg,AI
fwozzgpdcwe.jpg,AI
fwpzvzjfged.jpg,AI
fwrddbmvfjh.jpg,AI
fxmmtkgtdal.jpg,AI
fxnnjpbhkpa.jpg,AI
fxpdahhdbne.jpg,AI
fxxezjlekdd.jpg,AI
fycyegbevpr.jpg,AI
fydllgxejtj.jpg,AI
fykuoobbonq.jpg,AI
fyodixtvswn.jpg,AI
fyoqbqrpyoi.jpg,AI
fyrbvqcorbp.jpg,AI
fyvbqsuqpja.jpg,AI
fyvyqhxgtvy.jpg,AI
fzuzmajsely.jpg,AI
gakmkqeveip.jpg,AI
gaskmafviig.jpg,AI
gawyyqamxpx.jpg,AI
gbzlgqpzpli.jpg,AI
gcbjclicukq.jpg,AI
gcfafxiidbu.jpg,AI
gcjxtxvycqb.jpg,AI
gcppxlwuuys.jpg,AI
gcvzsaywmiy.jpg,AI
gefheogqukl.jpg,AI
geolbbqeeep.jpg,AI
ggeoozpmylu.jpg,AI
ggibmahmkkr.jpg,AI
ggmnugvjbdy.jpg,AI
ghkrcrqhfds.jpg,AI
ghujyiflwgb.jpg,AI
gicpvxgcnjm.jpg,AI
gilziosjddx.jpg,AI
gjcpjsvetlx.jpg,AI
gjfjiyslxzw.jpg,AI
gjioxksithe.jpg,AI
gjmqrqdusoq.jpg,AI
gjrqazlgfzk.jpg,AI
gkjbnjpmnmv.jpg,AI
glgrlsdgdmi.jpg,AI
gljlgbyiqcv.jpg,AI
gmrjxtvnawe.jpg,AI
gmycofwoapp.jpg,AI
gncjbbujzmq.jpg,AI
goabuqwebig.jpg,AI
godcjwjbntj.jpg,AI
gojlcfpjpmz.jpg,AI
gpmzkawrgjx.jpg,AI
gpstgsdahar.jpg,AI
gpxfujmbcbl.jpg,AI
gpzztrsoyio.jpg,AI
gqhomhdslus.jpg,AI
gquzsakdpbq.jpg,AI
grjvtmjkitm.jpg,AI
gsgvvutfxbx.jpg,AI
gsimhiorivw.jpg,AI
gsrybhvegmj.jpg,AI
gstlyqgvprv.jpg,AI
gsxekrhunzn.jpg,AI
gttxgucvrtn.jpg,AI
guunxscokuq.jpg,AI
gvguzurvysb.jpg,AI
gvonjwhwjds.jpg,AI
gwecoosdofx.jpg,AI
gwfjxetfpgw.jpg,AI
gwhbzhkdibt.jpg,AI
gwhzkfgqvqv.jpg,AI
gworqvvmfko.jpg,AI
gxfmohpoads.jpg,AI
gxskhhmrxyt.jpg,AI
gybbtkxnfxp.jpg,AI
gygamkkdmpb.jpg,AI
gyimxzsrijz.jpg,AI
gyuahiktanq.jpg,AI
gyxniwormsa.jpg,AI
gzlatxdvssv.jpg,AI
habgaqxttov.jpg,AI
haddgplfmtm.jpg,AI
hbckfzipdep.jpg,AI
hbljasmbgla.jpg,AI
hccomertwjv.jpg,AI
hcddkkykpyt.jpg,AI
hdqknjqnzfj.jpg,AI
helbygxjaeb.jpg,AI
hemmillmbsh.jpg,AI
henadojzfdr.jpg,AI
heteroubjbs.jpg,AI
hexraabuonp.jpg,AI
hfdgqcjrnre.jpg,AI
hfkgznyzpik.jpg,AI
hghtskhqznv.jpg,AI
hholzrqscva.jpg,AI
hiagzuzfoir.jpg,AI
hingcfdrgvh.jpg,AI
hioafhveoxm.jpg,AI
hjskpvaxjum.jpg,AI
hjwyzpyepni.jpg,AI
hksjdilktqy.jpg,AI
hlrqnqjihnw.jpg,AI
hlsogutuarm.jpg,AI
hmkuancfboz.jpg,AI
hnhffmlidbz.jpg,AI
hnliauvuhrd.jpg,AI
hnqejupugdn.jpg,AI
hodfwxcgamz.jpg,AI
hpfhgpbiiaw.jpg,AI
hpjnfffswtr.jpg,AI
hprxgfoobwd.jpg,AI
hpsbtgaidmy.jpg,AI
hpztmvlxvsd.jpg,AI
hqmdlqejasp.jpg,AI
hqynjqjmbho.jpg,AI
hraezeauklf.jpg,AI
hroquqjktwl.jpg,AI
hsnhnprkxyl.jpg,AI
htqrhtmxgbm.jpg,AI
htvxorwsbbf.jpg,AI
hufmsevjscd.jpg,AI
huoabxkrtiz.jpg,AI
hurcohldpou.jpg,AI
hvbzkjwtfyi.jpg,AI
hvcsyuqqqyr.jpg,AI
hvnlgwonfqy.jpg,AI
hxtzthpboqr.jpg,AI
hyjrhnekhke.jpg,AI
hyjxotatbdk.jpg,AI
hzaouzaoofp.jpg,AI
hzfwwnenemp.jpg,AI
hzgqnhzumji.jpg,AI
iaezptkszav.jpg,AI
ianpukstukm.jpg,AI
iatjuwmreiq.jpg,AI
ibhdcyswlkt.jpg,AI
ibplboprzcy.jpg,AI
ibyltjuyfpe.jpg,AI
ibzjhoyfnui.jpg,AI
icaroztwerg.jpg,AI
icusykuurig.jpg,AI
idmejfepzhv.jpg,AI
idvnqhrfihy.jpg,AI
iebftwidspx.jpg,AI
iejngntczff.jpg,AI
ievgazgbmzj.jpg,AI
ifhhiqplswo.jpg,AI
ifjnhlzniua.jpg,AI
iftvrilkwth.jpg,AI
igdoggfmzwi.jpg,AI
iiavnzcqrij.jpg,AI
iimmhcrfqer.jpg,AI
iisrrksnmji.jpg,AI
ijafpyvorvt.jpg,AI
ijjakbgkooi.jpg,AI
ijjlyvobvxe.jpg,AI
ikdlrsizlrx.jpg,AI
ikkbxrrauiy.jpg,AI
iklhrurdrdx.jpg,AI
imhlantbbvj.jpg,AI
imkpsmudxay.jpg,AI
impjcebrsmn.jpg,AI
imshjqxvled.jpg,AI
inmchexnyqs.jpg,AI
inmcnivqfqe.jpg,AI
iojtbfezurn.jpg,AI
iowqghncjmt.jpg,AI
ipcftxtsewy.jpg,AI
ippnnbzjgdd.jpg,AI
ipyyyhvrzpj.jpg,AI
iqdbpnspxry.jpg,AI
iqhferbdyiq.jpg,AI
iqqhflmcgbv.jpg,AI
iqybbzhqzav.jpg,AI
irklzkmlkee.jpg,AI
irspkzeekmy.jpg,AI
irwpoxgjfev.jpg,AI
isjsekmvypq.jpg,AI
isqafxbojmx.jpg,AI
iteshqiplst.jpg,AI
itkbjhvlqwr.jpg,AI
itxzzmlhrwk.jpg,AI
ivhtnsodqpw.jpg,AI
ivrumcrezoa.jpg,AI
iwdgulsyptl.jpg,AI
iwgntjipasc.jpg,AI
iyjmudcyyix.jpg,AI
iynktewjeyg.jpg,AI
iynrijxsoow.jpg,AI
izhqnxwqzjc.jpg,AI
izorgjjllps.jpg,AI
izozlshvgzb.jpg,AI
jadgwdwnchp.jpg,AI
jahofzdkxti.jpg,AI
jajnhjqaiyo.jpg,AI
jaljouftuhd.jpg,AI
jbguvbloylc.jpg,AI
jcfhgnnqtov.jpg,AI
jeamqdbzrqi.jpg,AI
jebjjnjkizk.jpg,AI
jfbhryurlnn.jpg,AI
jfdauzvqiqp.jpg,AI
jfpottnjims.jpg,AI
jggqosgntur.jpg,AI
jgjyivzaguy.jpg,AI
jgwzaigbirj.jpg,AI
jhiglqioaxz.jpg,AI
jhlbairqcqh.jpg,AI
jhwxtfnyrge.jpg,AI
jialzctpdjn.jpg,AI
jjonjxtajta.jpg,AI
jkewkajkojk.jpg,AI
jkqdqebdecz.jpg,AI
jksvakitufp.jpg,AI
jlebinzgkmr.jpg,AI
jlfbxznnhjn.jpg,AI
jlncizuwmmp.jpg,AI
jltxekpfbeb.jpg,AI
jmcwvcvgcbl.jpg,AI
jnkgkmtnfqk.jpg,AI
jnlodfjiqqh.jpg,AI
jphynzfzopw.jpg,AI
jpnzplqottc.jpg,AI
jpsiklrkekz.jpg,AI
jqeuwghcsef.jpg,AI
jqwdbdgrynn.jpg,AI
jrytwbdfnbe.jpg,AI
jtcvsslmmkr.jpg,AI
jtltlavviwv.jpg,AI
jujpzyuwtzp.jpg,AI
julhixmigaz.jpg,AI
junpbltlrfw.jpg,AI
jupqcruoulx.jpg,AI
juwavlzkywx.jpg,AI
jwbzzwdqjpl.jpg,AI
jwvfyafghsg.jpg,AI
jylxxychabm.jpg,AI
jyqlvoxdamd.jpg,AI
jyypxovwduo.jpg,AI
jzcryikswjn.jpg,AI
jzhqfgcqlbn.jpg,AI
jzwogfmhuqf.jpg,AI
katiwoyamwh.jpg,AI
kbazwnwoxhw.jpg,AI
kbozkmjtccs.jpg,AI
kbyoigxybgi.jpg,AI
kcxexoyhdyj.jpg,AI
kdfpiffsgqt.jpg,AI
keaxsyrligu.jpg,AI
keeuimbyvlf.jpg,AI
keokneebfka.jpg,AI
keutosantzh.jpg,AI
kewpyfillhh.jpg,AI
kfeugiroosm.jpg,AI
kgnkoxabqcg.jpg,AI
kgnoyxhwdxe.jpg,AI
khenlnyghxt.jpg,AI
kiulvvwyyvm.jpg,AI
kjbtpkgxaef.jpg,AI
kjclxkqoenj.jpg,AI
kkwuhaeaobz.jpg,AI
klastvpkgqt.jpg,AI
klatkgkblpe.jpg,AI
klgjjiarbkc.jpg,AI
klmoikcqedf.jpg,AI
kmbbbdovvvp.jpg,AI
kmfjgcslsqw.jpg,AI
kmlynjinusi.jpg,AI
kmtrszyqxch.jpg,AI
kpglnofnpva.jpg,AI
kpkfhwksvcg.jpg,AI
kpqvgcusnmk.jpg,AI
kqebxisgyus.jpg,AI
kqmekpcrcyu.jpg,AI
kqyulyffvtd.jpg,AI
krpaopdsijm.jpg,AI
krwdosdooce.jpg,AI
ksiivqpukko.jpg,AI
ksqkmdafziy.jpg,AI
ktoyhsalifu.jpg,AI
ktwxkadvdib.jpg,AI
ktxvgyqotge.jpg,AI
kujmnadvyur.jpg,AI
kuorszepqez.jpg,AI
kvlpzrgxpin.jpg,AI
kwtrrbjjguq.jpg,AI
kwzjkcxlygc.jpg,AI
kxgwjpeummi.jpg,AI
kxqmaomuyup.jpg,AI
kxqohsqwzhi.jpg,AI
kyekjpwtssu.jpg,AI
kyftmqvouyx.jpg,AI
kyifopdutge.jpg,AI
lbedftjhisb.jpg,AI
lbgixifpmhi.jpg,AI
lbgsmzcdupp.jpg,AI
lbwcoesdbqe.jpg,AI
lbxihikodyb.jpg,AI
lcondreiaxb.jpg,AI
ldkatqlscqy.jpg,AI
ldmswvcsagv.jpg,AI
ldojgqfozad.jpg,AI
ledasspbdsc.jpg,AI
lejfrxudwaq.jpg,AI
lghosynkmxa.jpg,AI
lglyxwwexkt.jpg,AI
lgralmolapt.jpg,AI
lhlkbsfzfcg.jpg,AI
liqlhoeckqf.jpg,AI
ljdqutgbxbg.jpg,AI
ljdzaqkfkhw.jpg,AI
ljlegadtfqj.jpg,AI
ljqpimgfcrd.jpg,AI
ljtvjzhqfjn.jpg,AI
ljuqhsykqod.jpg,AI
ljwpvrpumpp.jpg,AI
llbrjwixyzr.jpg,AI
lliycmzggzb.jpg,AI
llobvsfouiy.jpg,AI
llwykeipptv.jpg,AI
lmcpzchebbt.jpg,AI
lnmgvsbredy.jpg,AI
lojhthlfekb.jpg,AI
lpqxscffukt.jpg,AI
lqaitromflm.jpg,AI
lqyjkvqltha.jpg,AI
lrtbqdcxvaf.jpg,AI
lsdcdfaqskc.jpg,AI
lshartkzjwk.jpg,AI
ltdsysidvdw.jpg,AI
ltdyxigauul.jpg,AI
ltnnomwtgwc.jpg,AI
lubkjzkwvck.jpg,AI
ludiehbetbd.jpg,AI
lufymddcbre.jpg,AI
lulkxqtxyxt.jpg,AI
lvikvsizrht.jpg,AI
lviuughuuym.jpg,AI
lvlzpputsus.jpg,AI
lvvjtyvolij.jpg,AI
lvyujesnfvo.jpg,AI
lwxcgsnhctd.jpg,AI
lwxrhljqnlp.jpg,AI
lxcokjiuibj.jpg,AI
lxrwmxmjoib.jpg,AI
lznvwvftrzo.jpg,AI
lzukctqlqmk.jpg,AI
mavuchkexai.jpg,AI
mbbownkqvtm.jpg,AI
mbojmlawvgr.jpg,AI
mdauuwflfgt.jpg,AI
mejshnoamry.jpg,AI
mesdwyfyvmd.jpg,AI
mesymduzdjx.jpg,AI
mfehlpmxfcp.jpg,AI
mflkinzhbqy.jpg,AI
mfwiqkyiclx.jpg,AI
mgmwunpkjks.jpg,AI
miembdazxfu.jpg,AI
mjhlftovtzg.jpg,AI
mjqtvqbpjyk.jpg,AI
mkedaeedrlu.jpg,AI
mkiczuzquwb.jpg,AI
mkjwvfrakme.jpg,AI
mkmbsoxqndu.jpg,AI
mkqvwkxvlcf.jpg,AI
mmixpfgulnz.jpg,AI
mnkwlhhijrx.jpg,AI
mojrdwxjemy.jpg,AI
mojwfbxqxyp.jpg,AI
motczdmwymf.jpg,AI
mphczdzsfmh.jpg,AI
mpkztfkdflg.jpg,AI
mpphgannzst.jpg,AI
mqbdjcnqxtr.jpg,AI
mqdetzufdis.jpg,AI
mqeaifogkti.jpg,AI
mqgartqpwpc.jpg,AI
mreqvqaooic.jpg,AI
mrihjiusqtw.jpg,AI
mrpwtbuynks.jpg,AI
mrsjrdvxjip.jpg,AI
mrtzjsupnfc.jpg,AI
mrvxwueeueu.jpg,AI
mrxxmlyewql.jpg,AI
mrzhrdwqhmm.jpg,AI
msankbvwqwj.jpg,AI
msluacmvcek.jpg,AI
mtdmpjlpxls.jpg,AI
mtmkpvitfgn.jpg,AI
mtyizeesgss.jpg,AI
mveijdxbzvp.jpg,AI
mvminlxljqb.jpg,AI
mwrwpuzqyfn.jpg,AI
mxftqlplpqn.jpg,AI
mxnxhvijrps.jpg,AI
mxumbsnogcr.jpg,AI
myfwcsdpqnk.jpg,AI
myvwsqrsfvb.jpg,AI
mzomncdednr.jpg,AI
nbucgidwrqh.jpg,AI
nbuinzpkysi.jpg,AI
nbxwgemwksc.jpg,AI
ncdcbdqakuw.jpg,AI
ncjqaakkvpa.jpg,AI
ndpccjheahq.jpg,AI
ndwhicnlqnt.jpg,AI
neggyrlljyn.jpg,AI
nepzzlmtywl.jpg,AI
nfygnafarmv.jpg,AI
nglbqtopyil.jpg,AI
ngmqtcmpwwb.jpg,AI
nhvvmbenybw.jpg,AI
nhwzmpibldw.jpg,AI
nipavtivtxt.jpg,AI
njnohzotfag.jpg,AI
nkbqtwbnxgb.jpg,AI
nlfmmldvoch.jpg,AI
nlkiwbbtngp.jpg,AI
nloljgmhcgv.jpg,AI
nlrhfyflzat.jpg,AI
nmjtlateeoo.jpg,AI
nmlnvgcqqos.jpg,AI
nmtqfjxwnjc.jpg,AI
nmvcpcjketv.jpg,AI
nnducycmofz.jpg,AI
nnqeohnlnfc.jpg,AI
nobdykwtmyj.jpg,AI
nokhohfkjgn.jpg,AI
noxefxpiclq.jpg,AI
npufrjvgzev.jpg,AI
nqdvgindokg.jpg,AI
nqqfbaziwxu.jpg,AI
nqqksazsqih.jpg,AI
nrdaxqrejgt.jpg,AI
nssyftrgzij.jpg,AI
nswuvefbknf.jpg,AI
nszpbybwfve.jpg,AI
ntbhitxfioz.jpg,AI
nteirybnadp.jpg,AI
ntrkbkhirpg.jpg,AI
nuljzaeyyyy.jpg,AI
nvhfpartyrr.jpg,AI
nvtihzivlkl.jpg,AI
nvuusyaoldh.jpg,AI
nwwjzadzcht.jpg,AI
nxyegiokrit.jpg,AI
nxylemwrnfw.jpg,AI
nxzrhefiffd.jpg,AI
nybumuzwxch.jpg,AI
nyplphoppyk.jpg,AI
nyqrtnsqzyo.jpg,AI
nzkkfcdcorr.jpg,AI
oafyyizsrbx.jpg,AI
oanupixzxol.jpg,AI
obfugkpeqrv.jpg,AI
objzdnegozx.jpg,AI
obqabgfzxyg.jpg,AI
obsasjbwzhl.jpg,AI
obvckflullc.jpg,AI
obyfeguqkco.jpg,AI
obyjsusctvt.jpg,AI
ocmytfdshox.jpg,AI
odaiznwifdu.jpg,AI
odkblgbequw.jpg,AI
odujcfsbcjy.jpg,AI
odyupvjaaba.jpg,AI
oerglyxmkcc.jpg,AI
oeyfvvwngjq.jpg,AI
ofdybqlvown.jpg,AI
ofgavkqmrhy.jpg,AI
oiemgimwzmo.jpg,AI
oifsvsliipr.jpg,AI
oihdokvtlei.jpg,AI
oiipflyjkcp.jpg,AI
oilfaaenbbs.jpg,AI
ojbovomlhbg.jpg,AI
ojxjdjaznun.jpg,AI
ojxzejeptzw.jpg,AI
ojygiidunwg.jpg,AI
omewqjiuspl.jpg,AI
omplichnfxh.jpg,AI
onltuwjendl.jpg,AI
onqlyconboc.jpg,AI
ooezjhkefhq.jpg,AI
oputolkpntt.jpg,AI
oqklxwejjqy.jpg,AI
oqydbzmvylt.jpg,AI
osuidtanlml.jpg,AI
otfdieghkin.jpg,AI
ottrwghybwr.jpg,AI
ouampruguxh.jpg,AI
ouapvfaxtlu.jpg,AI
oubqlbngggb.jpg,AI
ouvpaefwaje.jpg,AI
ouvvbefisuz.jpg,AI
ouwxojuoxmm.jpg,AI
ovzqwxmmzfj.jpg,AI
ownhjtlfrlk.jpg,AI
owxahdnnitj.jpg,AI
owykpzsexqz.jpg,AI
oybmmetmvtg.jpg,AI
oykcvuwzrfc.jpg,AI
oytsafozmff.jpg,AI
ozqayxevsxr.jpg,AI
padooyrcpxj.jpg,AI
paltfzzvrlo.jpg,AI
pbgyoedfrjv.jpg,AI
pcvugvpcmwp.jpg,AI
pcxoipxlype.jpg,AI
pcztfpevqne.jpg,AI
pddmizmmcxz.jpg,AI
pdirqyxatie.jpg,AI
pdmvfyiagvi.jpg,AI
pdnhlzbnrkm.jpg,AI
pdsgsrsvmef.jpg,AI
pedzcvesnrr.jpg,AI
pegtvlvtsem.jpg,AI
pgsbppcpljw.jpg,AI
pgzgrwwcqzf.jpg,AI
phvinoxwqok.jpg,AI
phyhozzmolh.jpg,AI
pjdwtbkxcxw.jpg,AI
pjghdqkzhmd.jpg,AI
pjohplmiigl.jpg,AI
pkoixfdijwk.jpg,AI
ploutnlpjqj.jpg,AI
plzbqrohuus.jpg,AI
pmhqrzrwavb.jpg,AI
pmmdacozcuq.jpg,AI
pmwmknobwax.jpg,AI
pnivkxopxms.jpg,AI
pocityoumcp.jpg,AI
podceiybkmq.jpg,AI
poolrsjwukj.jpg,AI
pophscgsdrx.jpg,AI
pphnqxtnazc.jpg,AI
ppibbvidccp.jpg,AI
ppkkfvmtril.jpg,AI
pqbpddttfmp.jpg,AI
pqdwrewnkur.jpg,AI
prwplcgvflh.jpg,AI
psljrcixzxn.jpg,AI
psrqetuvvro.jpg,AI
psxtcdfddsq.jpg,AI
puliwzexkgt.jpg,AI
pvfavzgvaey.jpg,AI
pvjxxksxnpx.jpg,AI
pvlklfgutsd.jpg,AI
pvpncswhbqa.jpg,AI
pxpowophenv.jpg,AI
pxuzksnqlin.jpg,AI
pyrthjbkzdx.jpg,AI
pzatcnmkspe.jpg,AI
pzdzughsrfy.jpg,AI
pzhjsdomcvo.jpg,AI
pztzjhgvhiu.jpg,AI
pzuaejocebx.jpg,AI
pzvdbobsezg.jpg,AI
pzvjgisqcby.jpg,AI
qantugzcocd.jpg,AI
qbllmswdykb.jpg,AI
qcopatciqsv.jpg,AI
qcpqwgvczij.jpg,AI
qculaitzkhv.jpg,AI
qcxtnvkmixv.jpg,AI
qcycuivnzop.jpg,AI
qdgeczxcrrn.jpg,AI
qdhsntfkefn.jpg,AI
qeadreohjyz.jpg,AI
qexoxtlfgyv.jpg,AI
qffaoxurdck.jpg,AI
qfhuaonzugs.jpg,AI
qfphkmkcmob.jpg,AI
qfujsypvqtv.jpg,AI
qfzhpoavprt.jpg,AI
qisfyhucnxj.jpg,AI
qjjakuwuxyb.jpg,AI
qmeesqrvqwb.jpg,AI
qmepiupppda.jpg,AI
qmrkdosjbre.jpg,AI
qmvapxhoqsl.jpg,AI
qnymbduyuts.jpg,AI
qosfizfwvrv.jpg,AI
qotvjcvtuts.jpg,AI
qpjjxehtrhw.jpg,AI
qqocnmwwewq.jpg,AI
qqwiuakstrn.jpg,AI
qrdhfebzqjo.jpg,AI
qrjgydjxtop.jpg,AI
qrongkzfbhd.jpg,AI
qrplxcdcecz.jpg,AI
qrsbewztdxq.jpg,AI
qtrhvwdedjt.jpg,AI
qulhxyfiwfx.jpg,AI
qwaamfmpjlw.jpg,AI
qwbgibxlkav.jpg,AI
qwdacgwvgmv.jpg,AI
qwdnuqrurjt.jpg,AI
qwrpownbsyc.jpg,AI
qxbjpdzifqu.jpg,AI
qxldoccrete.jpg,AI
qzaszvggglf.jpg,AI
qzfeblqhphm.jpg,AI
rafnomhzqee.jpg,AI
raiprbcdgjw.jpg,AI
ravbznwttvk.jpg,AI
rbfwzvngcbj.jpg,AI
rcavcbvopcw.jpg,AI
rcbpxokrmeo.jpg,AI
rcqytljsiuh.jpg,AI
rctdmitdaaj.jpg,AI
rcwjhuxjehx.jpg,AI
rcxlovdzyko.jpg,AI
rdkhgpvmezc.jpg,AI
rdnslvyqguo.jpg,AI
rdvurdcnuoh.jpg,AI
rdxazoufwat.jpg,AI
recqrodzqmx.jpg,AI
relyhjtxsgr.jpg,AI
rezlbqgveeg.jpg,AI
rfjtvkvvgvc.jpg,AI
rfluwulwyqz.jpg,AI
rgpdtcquaem.jpg,AI
rgsgxyvsreq.jpg,AI
rhdlydsxger.jpg,AI
rhgignebtsg.jpg,AI
rhiwswdvpfu.jpg,AI
rirxspjuacc.jpg,AI
riwcvvxhnqv.jpg,AI
rixeonbdulg.jpg,AI
rjvbhrfslxr.jpg,AI
rkajoxvqnyc.jpg,AI
rkexrwxkmhu.jpg,AI
rknzbspqoby.jpg,AI
rkqphpiipbr.jpg,AI
rltmqzzktqv.jpg,AI
rlzzekxnixd.jpg,AI
rmnvaaopfqm.jpg,AI
rmnvqghdipj.jpg,AI
rmoccnqihsg.jpg,AI
rmutjswlpij.jpg,AI
rnqntxoacgg.jpg,AI
rnqoepvrwsd.jpg,AI
rohdjtdilox.jpg,AI
roltceuvdml.jpg,AI
rpjoilknclg.jpg,AI
rptkxmymtal.jpg,AI
rpxgnoalqny.jpg,AI
rqbbpbcaina.jpg,AI
rqsgkwjuytk.jpg,AI
rqtfktttjud.jpg,AI
rrmzbklfbya.jpg,AI
rsysshozttu.jpg,AI
rtpqgraqbol.jpg,AI
rugxuzlynwb.jpg,AI
rulxtykdisf.jpg,AI
rwelpzvonnp.jpg,AI
rwgojkyuamy.jpg,AI
rwlstobgcko.jpg,AI
rwxklelsalo.jpg,AI
rxbmetaztzb.jpg,AI
rxcechtmagz.jpg,AI
rxdmcfneeiv.jpg,AI
ryisfnisbmb.jpg,AI
rymgswzggel.jpg,AI
ryspzxwimqj.jpg,AI
rzdrjakaurv.jpg,AI
rzdsjinnlop.jpg,AI
sahecyoqrnt.jpg,AI
sbnfrqrcxpb.jpg,AI
sbxsjbjczss.jpg,AI
sbzjecbxavz.jpg,AI
scctwbllnjv.jpg,AI
scrdegpbktt.jpg,AI
scvyhxrrkvx.jpg,AI
sdnilubfqni.jpg,AI
sdqcrrrdbco.jpg,AI
sedacqxrzpa.jpg,AI
seoilvudlxn.jpg,AI
sfwwjswamjz.jpg,AI
sgegenjqert.jpg,AI
shaeipytliu.jpg,AI
shgivvrryeg.jpg,AI
shnzjeqamnr.jpg,AI
siifvtatvik.jpg,AI
sirkwzvrlwp.jpg,AI
sirqvrddocw.jpg,AI
skksyqugibd.jpg,AI
smalbfufydq.jpg,AI
smshezpdvnk.jpg,AI
smvduinamgs.jpg,AI
snaiuuquxfw.jpg,AI
snnadkjwnqk.jpg,AI
snssqfrwsxd.jpg,AI
snxnjgwpcll.jpg,AI
socarthajnr.jpg,AI
soscplkader.jpg,AI
soxyjlvfezn.jpg,AI
spehnoalooo.jpg,AI
sppvttqetkt.jpg,AI
spyghxvrtpi.jpg,AI
spyqjoiqffw.jpg,AI
sqahkjkadyp.jpg,AI
sqoukevctqx.jpg,AI
sqqtatcjctn.jpg,AI
squnjcuwzgx.jpg,AI
squqssmznfn.jpg,AI
sratfheipzi.jpg,AI
srfbbcrbyvt.jpg,AI
srfiyisgokv.jpg,AI
ssbaeqczsst.jpg,AI
ssuuskurigh.jpg,AI
sswunzprkyn.jpg,AI
stipbmkgrfg.jpg,AI
sujcaahrjka.jpg,AI
supkvjxwpaf.jpg,AI
susragkormm.jpg,AI
sutptrqyjuo.jpg,AI
svayloucnwp.jpg,AI
svnmxnotaat.jpg,AI
svspvhenojj.jpg,AI
svxgykfxbfy.jpg,AI
swantobjoys.jpg,AI
swidnlmokuv.jpg,AI
swpxrgrzvup.jpg,AI
swvvzkzhlkd.jpg,AI
syisdnsawvb.jpg,AI
szdxoxebqmx.jpg,AI
szfkchcjidc.jpg,AI
szpttokdxij.jpg,AI
tacxeyjwftf.jpg,AI
tagpzlkkcbf.jpg,AI
tawinmjlptd.jpg,AI
tbevoditcjd.jpg,AI
tckrblssrha.jpg,AI
tcragojncrg.jpg,AI
tcwmijhhgpk.jpg,AI
tcxximfrqya.jpg,AI
tcytonduqon.jpg,AI
tdhjfekeauw.jpg,AI
tdhmrqeuugi.jpg,AI
tdotprbeyah.jpg,AI
tdydvdkehng.jpg,AI
teepxqipqgr.jpg,AI
teivbboswjg.jpg,AI
tepmwyuwpub.jpg,AI
teqdzejqgej.jpg,AI
tfoxhrfimyz.jpg,AI
tgkwtbirruo.jpg,AI
tgosplwwsib.jpg,AI
tgyohpnhiwu.jpg,AI
thktdcvlpuk.jpg,AI
tihneeqnuzx.jpg,AI
tjufvhuevlj.jpg,AI
tjwwgrkbsxv.jpg,AI
tjyijfkousb.jpg,AI
tkgirggzauz.jpg,AI
tkxiimkvhpi.jpg,AI
tmtobaqreuv.jpg,AI
tnxckxjjbck.jpg,AI
tojsikstxwx.jpg,AI
tomxcqjtrpg.jpg,AI
tooitullgmz.jpg,AI
touypdnagph.jpg,AI
tqlljrflilp.jpg,AI
tqmfuwqhptj.jpg,AI
trfjktqzeea.jpg,AI
trixnxizqfo.jpg,AI
trrggrwptqf.jpg,AI
trwqxvinutf.jpg,AI
tsdvwjqblpw.jpg,AI
tskfdtehxqd.jpg,AI
tskfidgbpad.jpg,AI
tsnsruirbnr.jpg,AI
tstirqskzkv.jpg,AI
tthcqxzckxo.jpg,AI
tuebtejjcyk.jpg,AI
tukoobvciqb.jpg,AI
tuvfjprlzxx.jpg,AI
tvdyzecurbw.jpg,AI
tvpvztcfsex.jpg,AI
twiczmnbdfz.jpg,AI
twkoihhxjps.jpg,AI
txgegoeuelu.jpg,AI
txonkwxjvsm.jpg,AI
tygkwyrifzn.jpg,AI
tyxjatzpzhk.jpg,AI
tzcliyudwhs.jpg,AI
tzqzkrifpyo.jpg,AI
uaehkqtpieg.jpg,AI
uajorxgbbxq.jpg,AI
uaqecknqfaq.jpg,AI
uawuqxseglc.jpg,AI
ubayjwtauhc.jpg,AI
ubjigydrxmk.jpg,AI
udlpvxpzgkd.jpg,AI
udqxqjutwed.jpg,AI
udxpgdzjqnj.jpg,AI
uekwcwvuwof.jpg,AI
ueurkvwdwry.jpg,AI
ufivtwhltfr.jpg,AI
uflbqtjbvfp.jpg,AI
ufrmxjutnqm.jpg,AI
ugzkzsjfzmd.jpg,AI
uhfzhtcmtwy.jpg,AI
uhkasxlzlrp.jpg,AI
uiaglvmqyyc.jpg,AI
uipemyawxhx.jpg,AI
uivasnciwsj.jpg,AI
ujfczzfutem.jpg,AI
ujplfhtyzcm.jpg,AI
ujwyoclrxok.jpg,AI
ukjpwrjiwsw.jpg,AI
uklpfbyhcrq.jpg,AI
ukxbvubqynv.jpg,AI
ulfwpdqheny.jpg,AI
uljnwlkpwzk.jpg,AI
ulmklphnqmt.jpg,AI
ulmrpibxrct.jpg,AI
ulonpimolla.jpg,AI
uneimhjwmky.jpg,AI
uniflzbaxrq.jpg,AI
unpjmfxbdnx.jpg,AI
unvetwjqahw.jpg,AI
unvmcupsnwp.jpg,AI
upttpkrdxsm.jpg,AI
uqbcbrqivev.jpg,AI
uqcygizmobq.jpg,AI
uqlrgasujfy.jpg,AI
uqovcitaedn.jpg,AI
uqtgwpaivej.jpg,AI
uredowcjmld.jpg,AI
urkjnrpiqtc.jpg,AI
usbymamwyso.jpg,AI
usiewgmtwjv.jpg,AI
usvlolbolqo.jpg,AI
utixppjagfw.jpg,AI
utkebqkoyqg.jpg,AI
utznemhjyfj.jpg,AI
uuglirfghzs.jpg,AI
uuikyotnnxy.jpg,AI
uumwjspqrln.jpg,AI
uuotnylyhdt.jpg,AI
uurqoiwgzbi.jpg,AI
uuvamuqppgj.jpg,AI
uxcmitotasu.jpg,AI
uxrdqwgjyyd.jpg,AI
uysiwxskfnc.jpg,AI
uzgscfabkcy.jpg,AI
vaknvuhapgz.jpg,AI
valielgatwx.jpg,AI
valkmogvlyc.jpg,AI
vamummzbcty.jpg,AI
vauzpqhxoek.jpg,AI
vbbjloysvng.jpg,AI
vbeaqaizvvi.jpg,AI
vbguwsrkncp.jpg,AI
vbhqumdkalg.jpg,AI
vbmgwftndkt.jpg,AI
vcfcdqkiisg.jpg,AI
vcpswapxgbj.jpg,AI
vcrjdlpvnzv.jpg,AI
vcstvwcwxcq.jpg,AI
vcvabjhavov.jpg,AI
vdwlkdzvrpt.jpg,AI
vffdmfhskjw.jpg,AI
vfgagtlklyh.jpg,AI
vfsivffrudk.jpg,AI
vfsnlkibakx.jpg,AI
vfvnenygntw.jpg,AI
vfzqybgscux.jpg,AI
vgeayojwggd.jpg,AI
vgfwvgvxgnx.jpg,AI
vgzzosghnci.jpg,AI
vhesqkgxzls.jpg,AI
vhhiotawshn.jpg,AI
vhrizipgdup.jpg,AI
vhuonfhjowb.jpg,AI
vhwgldvlrmq.jpg,AI
vhxazmkmquh.jpg,AI
vhznrwomufu.jpg,AI
vibmectnltp.jpg,AI
vizqksfodok.jpg,AI
vjfnzgiypsy.jpg,AI
vjuosefacdp.jpg,AI
vkkcujdnfcd.jpg,AI
vkkxmyeigff.jpg,AI
vkoczkmatqu.jpg,AI
vlgpdedwhmp.jpg,AI
vlssxlvkudx.jpg,AI
vlyigwpkztl.jpg,AI
vndczgojwip.jpg,AI
vnhljnvuzpt.jpg,AI
vppgkciueso.jpg,AI
vqdkndpifaa.jpg,AI
vqpdxxniprc.jpg,AI
vrcbgucxrio.jpg,AI
vrpkbmedegd.jpg,AI
vrzvwbrtqtf.jpg,AI
vsmbheufwhh.jpg,AI
vuvazueaupn.jpg,AI
vvddzrxrjxx.jpg,AI
vvmcelzlveq.jpg,AI
vwuvksbbhes.jpg,AI
vwylyeenqrt.jpg,AI
vxjcvljparz.jpg,AI
vyhnmxyfxyj.jpg,AI
vyiccayarys.jpg,AI
waaprontlvq.jpg,AI
wasfgciubfk.jpg,AI
wbkierakzrd.jpg,AI
wbljmfhxwlf.jpg,AI
wbzijsabmib.jpg,AI
weaylhmnnwi.jpg,AI
webprviavpz.jpg,AI
wgnhaxdyojt.jpg,AI
wgtldpulwtx.jpg,AI
whwjzeanllk.jpg,AI
wietruxhfym.jpg,AI
wixkuaubzbx.jpg,AI
wkwjwksjisy.jpg,AI
wlbaexmifgg.jpg,AI
wlpxnujvecz.jpg,AI
wmuneumehyz.jpg,AI
woclrejhqzx.jpg,AI
woclygkzyac.jpg,AI
woxshjinkxs.jpg,AI
wprskeawabz.jpg,AI
wpwwyesvzjm.jpg,AI
wqcppqwiybd.jpg,AI
wqlhlevoepd.jpg,AI
wqoeresffbs.jpg,AI
wqvqwvhznps.jpg,AI
wsnryttexur.jpg,AI
wtcfqkijpuh.jpg,AI
wvbvukufuzt.jpg,AI
wvokgrcvjec.jpg,AI
wvymmxidigk.jpg,AI
wwcympmzcic.jpg,AI
wwthxqkbusc.jpg,AI
wwvlsongcjo.jpg,AI
wwydoflcgdd.jpg,AI
wxozyovlygc.jpg,AI
wyexncchdut.jpg,AI
wyplovhlvxt.jpg,AI
xaclrddtlok.jpg,AI
xactxwzfslz.jpg,AI
xawhlzxuptx.jpg,AI
xawwylwyuat.jpg,AI
xbcycvzcspd.jpg,AI
xcummsfvyhn.jpg,AI
xdaktedghyx.jpg,AI
xdbibfmscyi.jpg,AI
xdfexguikaq.jpg,AI
xekekjofarq.jpg,AI
xexlbhfniei.jpg,AI
xffkniymxey.jpg,AI
xfhoumpyjtk.jpg,AI
xfnauxoxdtk.jpg,AI
xftxwuwiqmf.jpg,AI
xgperxmscwb.jpg,AI
xhhlpvyfqrz.jpg,AI
xihqmbedwoi.jpg,AI
xinjeavdbqu.jpg,AI
xizhatcqbqh.jpg,AI
xjstyrusqsi.jpg,AI
xlegzxtbfkw.jpg,AI
xljryaugsft.jpg,AI
xlumfgsldyr.jpg,AI
xmvmppljknq.jpg,AI
xndgmpdhijp.jpg,AI
xngumvkspbg.jpg,AI
xosndbcqxal.jpg,AI
xqyarurfpbc.jpg,AI
xsklgwckmks.jpg,AI
xthusebphrl.jpg,AI
xtoaocmefnm.jpg,AI
xttzqdnekit.jpg,AI
xtuzronoogf.jpg,AI
xuxflktmfnb.jpg,AI
xvayrjbousm.jpg,AI
xvtbrkhtcna.jpg,AI
xwuvzlqvotk.jpg,AI
xxevuumbxzx.jpg,AI
xxfbdlqzekx.jpg,AI
xykubifxyoz.jpg,AI
xylhgxcpakg.jpg,AI
xyqgauqqrtl.jpg,AI
xzkwjyewkmp.jpg,AI
xzxtsjnmvpr.jpg,AI
yaobegapfeo.jpg,AI
ybgkiralffr.jpg,AI
ybuiqtqpvqn.jpg,AI
ybvwdmhmafu.jpg,AI
ycvmkxhpgjq.jpg,AI
ydhvefocrnj.jpg,AI
yeodrbuwejg.jpg,AI
yexcrdymhme.jpg,AI
yfpfwnbknbt.jpg,AI
yhfhmvftzfu.jpg,AI
yhsmhiviuin.jpg,AI
yikgslwhgxa.jpg,AI
ykaryiwezfv.jpg,AI
ykkdgpxvawx.jpg,AI
ylypjsubrrs.jpg,AI
ymesnfqouqa.jpg,AI
ymhzetzhicz.jpg,AI
ynkhutavixw.jpg,AI
yntdchkylzk.jpg,AI
yoeahbzbjhd.jpg,AI
yqiuxoklqhl.jpg,AI
yqyzcovlekx.jpg,AI
ysrzadyactz.jpg,AI
ysxqsjemjyp.jpg,AI
ysxylxijvma.jpg,AI
ytitofqpvnq.jpg,AI
yuaspsairpd.jpg,AI
yusyplqwdqf.jpg,AI
yvbcoqjcvmf.jpg,AI
yvclsywbwxx.jpg,AI
yvwltakeuyg.jpg,AI
ywfrhhmvwvj.jpg,AI
yxizdccynzi.jpg,AI
yycnsfvhzxn.jpg,AI
yyuyetymuoz.jpg,AI
yzdlvrxfzoq.jpg,AI
yzudtuqydgh.jpg,AI
zaidulguesr.jpg,AI
zatggmnawkw.jpg,AI
zawcoknpjaa.jpg,AI
zbbjqbokhyz.jpg,AI
zcfrsqpjiff.jpg,AI
zcnigtwpcku.jpg,AI
zddqwtxtubo.jpg,AI
zebqxitjajn.jpg,AI
zeflkqrdopy.jpg,AI
zeinnujleur.jpg,AI
zemaoqmuntx.jpg,AI
zepqjcqiuho.jpg,AI
zgakyhokdfe.jpg,AI
zgolisecpyo.jpg,AI
zhoqlyqcdmu.jpg,AI
zhurcmjehpq.jpg,AI
zivklsgwbeu.jpg,AI
zjxgdkmgkmo.jpg,AI
zkegadwqjha.jpg,AI
zlmcftqcqvt.jpg,AI
zmldiladcht.jpg,AI
zmuookfrgpy.jpg,AI
zowobmcrneb.jpg,AI
zprwirvjhmr.jpg,AI
zpshdbodmao.jpg,AI
zqszajgksgc.jpg,AI
zrslmftuoya.jpg,AI
zscwcnvlidz.jpg,AI
zsxhvdxkqml.jpg,AI
ztaikyajlsw.jpg,AI
ztvwpredtbk.jpg,AI
zugswcvvcat.jpg,AI
zuixdgtkwbq.jpg,AI
zumwzvhiavc.jpg,AI
zuzguoszorw.jpg,AI
zvasfraouqd.jpg,AI
zvqgjdlyjwz.jpg,AI
zvtyckxwvcc.jpg,AI
zvuvaiqxkdr.jpg,AI
zwhwjsqwfti.jpg,AI
zwqjqshlnam.jpg,AI
zxfzjorofod.jpg,AI
zxkumolzuxb.jpg,AI
zxqakarwhgs.jpg,AI
zxxzjsvnduo.jpg,AI
zyausvcswwm.jpg,AI
zzemhfviwpf.jpg,AI
zzlgbsxdoaz.jpg,AI
